{
    "root_group": {
        "name": "",
        "path": "",
        "id": "d41d8cd98f00b204e9800998ecf8427e",
        "groups": {},
        "checks": {
                "status is 200": {
                    "name": "status is 200",
                    "path": "::status is 200",
                    "id": "6210a8cd14cd70477eba5c5e4cb3fb5f",
                    "passes": 407122,
                    "fails": 0
                },
                "body carries a decision": {
                    "name": "body carries a decision",
                    "path": "::body carries a decision",
                    "id": "74d0ea3713d634cf15d62e4021dc05f3",
                    "passes": 407122,
                    "fails": 0
                }
            }
    },
    "metrics": {
        "http_req_blocked": {
            "min": 0.001047,
            "med": 0.002123,
            "avg": 0.00532848549083528,
            "p(90)": 0.002797,
            "p(95)": 0.003314,
            "p(99)": 0.22745102999999461,
            "max": 3.864242
        },
        "iteration_duration": {
            "med": 14.428340500000001,
            "avg": 24.53133903864523,
            "p(90)": 36.13091850000002,
            "p(95)": 94.40651544999973,
            "p(99)": 213.44514756999988,
            "max": 1138.734218,
            "min": 1.827377
        },
        "iterations": {
            "count": 407122,
            "rate": 1850.5473912215077
        },
        "http_req_duration": {
            "med": 14.271694,
            "avg": 24.37152881344998,
            "p(90)": 35.97311430000002,
            "p(95)": 94.21811089999991,
            "p(99)": 213.28541859999956,
            "max": 1138.595987,
            "min": 1.729379
        },
        "http_req_duration{expected_response:true}": {
            "p(99)": 213.28541859999956,
            "max": 1138.595987,
            "min": 1.729379,
            "med": 14.271694,
            "avg": 24.37152881344998,
            "p(90)": 35.97311430000002,
            "p(95)": 94.21811089999991
        },
        "http_req_connecting": {
            "p(90)": 0,
            "p(95)": 0,
            "p(99)": 0.1958320099999933,
            "max": 3.676139,
            "min": 0,
            "med": 0,
            "avg": 0.0026708123044198056
        },
        "http_req_waiting": {
            "avg": 24.339681471093083,
            "p(90)": 35.9404477,
            "p(95)": 94.16765409999992,
            "p(99)": 213.23845977,
            "max": 1138.565482,
            "min": 1.701985,
            "med": 14.2409505
        },
        "checks": {
            "passes": 814244,
            "fails": 0,
            "thresholds": {
                "rate>0.99": false
            },
            "value": 1
        },
        "http_req_tls_handshaking": {
            "avg": 0,
            "p(90)": 0,
            "p(95)": 0,
            "p(99)": 0,
            "max": 0,
            "min": 0,
            "med": 0
        },
        "http_req_sending": {
            "avg": 0.009852008039359473,
            "p(90)": 0.014049,
            "p(95)": 0.01615,
            "p(99)": 0.02876357999999996,
            "max": 1.595535,
            "min": 0.003728,
            "med": 0.007978
        },
        "vus_max": {
            "value": 50,
            "min": 50,
            "max": 50
        },
        "http_req_failed": {
            "passes": 0,
            "fails": 407122,
            "thresholds": {
                "rate<0.01": false
            },
            "value": 0
        },
        "data_received": {
            "count": 158904256,
            "rate": 722289.2803503486
        },
        "http_req_receiving": {
            "max": 3.427873,
            "min": 0.007723,
            "med": 0.018588,
            "avg": 0.021995334317477085,
            "p(90)": 0.030765,
            "p(95)": 0.036278,
            "p(99)": 0.052921579999999954
        },
        "http_reqs": {
            "rate": 1850.5473912215077,
            "count": 407122
        },
        "data_sent": {
            "count": 115793894,
            "rate": 526333.8470067445
        },
        "vus": {
            "max": 50,
            "value": 1,
            "min": 1
        }
    }
}