{
    "root_group": {
        "groups": {},
        "checks": {
                "status is 200": {
                    "fails": 0,
                    "name": "status is 200",
                    "path": "::status is 200",
                    "id": "6210a8cd14cd70477eba5c5e4cb3fb5f",
                    "passes": 386221
                },
                "body carries a decision": {
                    "id": "74d0ea3713d634cf15d62e4021dc05f3",
                    "passes": 386221,
                    "fails": 0,
                    "name": "body carries a decision",
                    "path": "::body carries a decision"
                }
            },
        "name": "",
        "path": "",
        "id": "d41d8cd98f00b204e9800998ecf8427e"
    },
    "metrics": {
        "http_req_duration": {
            "avg": 25.70313247852931,
            "p(90)": 38.560025,
            "p(95)": 102.758412,
            "p(99)": 222.44285359999944,
            "max": 951.139724,
            "min": 1.65898,
            "med": 14.889404
        },
        "http_req_tls_handshaking": {
            "max": 0,
            "min": 0,
            "med": 0,
            "avg": 0,
            "p(90)": 0,
            "p(95)": 0,
            "p(99)": 0
        },
        "http_req_blocked": {
            "min": 0.000989,
            "med": 0.002125,
            "avg": 0.005265459294030541,
            "p(90)": 0.002795,
            "p(95)": 0.003326,
            "p(99)": 0.22438519999999237,
            "max": 2.937395
        },
        "vus": {
            "value": 1,
            "min": 1,
            "max": 50
        },
        "http_reqs": {
            "count": 386221,
            "rate": 1755.5177541152575
        },
        "http_req_duration{expected_response:true}": {
            "p(90)": 38.560025,
            "p(95)": 102.758412,
            "p(99)": 222.44285359999944,
            "max": 951.139724,
            "min": 1.65898,
            "med": 14.889404,
            "avg": 25.70313247852931
        },
        "iterations": {
            "count": 386221,
            "rate": 1755.5177541152575
        },
        "checks": {
            "passes": 772442,
            "fails": 0,
            "thresholds": {
                "rate>0.99": false
            },
            "value": 1
        },
        "http_req_sending": {
            "p(95)": 0.016101,
            "p(99)": 0.028866599999999975,
            "max": 3.560428,
            "min": 0.003346,
            "med": 0.007964,
            "avg": 0.009811238816636082,
            "p(90)": 0.01399
        },
        "http_req_receiving": {
            "med": 0.018585,
            "avg": 0.021755842155139364,
            "p(90)": 0.030204,
            "p(95)": 0.035391,
            "p(99)": 0.05292319999999989,
            "max": 2.20055,
            "min": 0.008269
        },
        "http_req_connecting": {
            "min": 0,
            "med": 0,
            "avg": 0.002600855015651662,
            "p(90)": 0,
            "p(95)": 0,
            "p(99)": 0.19598259999998485,
            "max": 2.853365
        },
        "data_sent": {
            "rate": 499304.4013519678,
            "count": 109848986
        },
        "http_req_failed": {
            "passes": 0,
            "fails": 386221,
            "thresholds": {
                "rate<0.01": false
            },
            "value": 0
        },
        "vus_max": {
            "value": 50,
            "min": 50,
            "max": 50
        },
        "data_received": {
            "count": 150760342,
            "rate": 685261.6947226798
        },
        "http_req_waiting": {
            "max": 951.10963,
            "min": 1.628887,
            "med": 14.858877,
            "avg": 25.671565397557703,
            "p(90)": 38.531981,
            "p(95)": 102.714212,
            "p(99)": 222.40555359999956
        },
        "iteration_duration": {
            "p(95)": 102.938575,
            "p(99)": 222.61561559999907,
            "max": 951.280845,
            "min": 1.770164,
            "med": 15.047756,
            "avg": 25.86277690901804,
            "p(90)": 38.718921
        }
    }
}