{
    "root_group": {
        "name": "",
        "path": "",
        "id": "d41d8cd98f00b204e9800998ecf8427e",
        "groups": {},
        "checks": {
                "status is 200": {
                    "name": "status is 200",
                    "path": "::status is 200",
                    "id": "6210a8cd14cd70477eba5c5e4cb3fb5f",
                    "passes": 407738,
                    "fails": 0
                },
                "body carries a decision": {
                    "name": "body carries a decision",
                    "path": "::body carries a decision",
                    "id": "74d0ea3713d634cf15d62e4021dc05f3",
                    "passes": 407738,
                    "fails": 0
                }
            }
    },
    "metrics": {
        "checks": {
            "passes": 815476,
            "fails": 0,
            "thresholds": {
                "rate>0.99": false
            },
            "value": 1
        },
        "iteration_duration": {
            "min": 1.832407,
            "med": 14.025633,
            "avg": 24.496640133782282,
            "p(90)": 34.9570474,
            "p(95)": 99.21743864999985,
            "p(99)": 222.03924168000006,
            "max": 960.537168
        },
        "iterations": {
            "rate": 1853.340095728428,
            "count": 407738
        },
        "data_received": {
            "rate": 723189.2252291118,
            "count": 159102870
        },
        "http_reqs": {
            "count": 407738,
            "rate": 1853.340095728428
        },
        "vus": {
            "value": 1,
            "min": 1,
            "max": 50
        },
        "http_req_duration": {
            "p(90)": 34.8001642,
            "p(95)": 99.04084224999971,
            "p(99)": 221.86578732000007,
            "max": 960.366253,
            "min": 1.715648,
            "med": 13.8682535,
            "avg": 24.338602551030583
        },
        "http_req_failed": {
            "passes": 0,
            "fails": 407738,
            "thresholds": {
                "rate<0.01": false
            },
            "value": 0
        },
        "data_sent": {
            "count": 115969046,
            "rate": 527127.917474394
        },
        "http_req_sending": {
            "p(99)": 0.02855826000000001,
            "max": 5.028106,
            "min": 0.00352,
            "med": 0.007854,
            "avg": 0.00970716247443228,
            "p(90)": 0.01388,
            "p(95)": 0.015935
        },
        "http_req_waiting": {
            "min": 1.687212,
            "med": 13.8376845,
            "avg": 24.307323917082126,
            "p(90)": 34.76823279999999,
            "p(95)": 99.01213139999969,
            "p(99)": 221.82248410000003,
            "max": 960.333629
        },
        "vus_max": {
            "min": 50,
            "max": 50,
            "value": 50
        },
        "http_req_receiving": {
            "p(90)": 0.02957,
            "p(95)": 0.034812,
            "p(99)": 0.051427,
            "max": 8.249989,
            "min": 0.008226,
            "med": 0.018302,
            "avg": 0.02157147147432945
        },
        "http_req_duration{expected_response:true}": {
            "min": 1.715648,
            "med": 13.8682535,
            "avg": 24.338602551030583,
            "p(90)": 34.8001642,
            "p(95)": 99.04084224999971,
            "p(99)": 221.86578732000007,
            "max": 960.366253
        },
        "http_req_blocked": {
            "p(90)": 0.002769,
            "p(95)": 0.0033,
            "p(99)": 0.2283285400000026,
            "max": 3.678047,
            "min": 0.00104,
            "med": 0.002111,
            "avg": 0.005238348714124847
        },
        "http_req_connecting": {
            "min": 0,
            "med": 0,
            "avg": 0.0025781236774595397,
            "p(90)": 0,
            "p(95)": 0,
            "p(99)": 0.19665863,
            "max": 3.647378
        },
        "http_req_tls_handshaking": {
            "p(90)": 0,
            "p(95)": 0,
            "p(99)": 0,
            "max": 0,
            "min": 0,
            "med": 0,
            "avg": 0
        }
    }
}