{
    "root_group": {
        "name": "",
        "path": "",
        "id": "d41d8cd98f00b204e9800998ecf8427e",
        "groups": {},
        "checks": {
                "status is 200": {
                    "name": "status is 200",
                    "path": "::status is 200",
                    "id": "6210a8cd14cd70477eba5c5e4cb3fb5f",
                    "passes": 265846,
                    "fails": 0
                },
                "body carries a decision": {
                    "name": "body carries a decision",
                    "path": "::body carries a decision",
                    "id": "74d0ea3713d634cf15d62e4021dc05f3",
                    "passes": 265846,
                    "fails": 0
                }
            }
    },
    "metrics": {
        "iteration_duration": {
            "max": 2104.914053,
            "min": 1.881927,
            "med": 6.728771500000001,
            "avg": 35.38694240470392,
            "p(90)": 88.87856249999999,
            "p(95)": 147.775663,
            "p(99)": 371.3706972999992
        },
        "http_req_connecting": {
            "avg": 0.0031656126516855614,
            "p(90)": 0,
            "p(95)": 0,
            "p(99)": 0.20420004999999938,
            "max": 2.806737,
            "min": 0,
            "med": 0
        },
        "http_req_duration": {
            "min": 1.762837,
            "med": 6.562061,
            "avg": 35.21588850580115,
            "p(90)": 88.68841699999999,
            "p(95)": 147.58929750000001,
            "p(99)": 371.1658031499993,
            "max": 2104.712644
        },
        "http_req_waiting": {
            "med": 6.529749499999999,
            "avg": 35.18208681389545,
            "p(90)": 88.650126,
            "p(95)": 147.56062325,
            "p(99)": 371.1367572499994,
            "max": 2104.68844,
            "min": 1.739762
        },
        "vus_max": {
            "value": 200,
            "min": 200,
            "max": 200
        },
        "data_received": {
            "count": 103457234,
            "rate": 940374.1011789632
        },
        "http_req_duration{expected_response:true}": {
            "min": 1.762837,
            "med": 6.562061,
            "avg": 35.21588850580115,
            "p(90)": 88.68841699999999,
            "p(95)": 147.58929750000001,
            "p(99)": 371.1658031499993,
            "max": 2104.712644
        },
        "http_reqs": {
            "count": 265846,
            "rate": 2416.4061190928674
        },
        "http_req_blocked": {
            "med": 0.002133,
            "avg": 0.006033088310525353,
            "p(90)": 0.002977,
            "p(95)": 0.00360775,
            "p(99)": 0.23751299999999909,
            "max": 2.935379,
            "min": 0.000992
        },
        "data_sent": {
            "count": 75612048,
            "rate": 687275.3980287219
        },
        "vus": {
            "value": 20,
            "min": 20,
            "max": 200
        },
        "iterations": {
            "count": 265846,
            "rate": 2416.4061190928674
        },
        "http_req_receiving": {
            "p(90)": 0.030004,
            "p(95)": 0.036856,
            "p(99)": 0.1495475999999994,
            "max": 4.258477,
            "min": 0.007547,
            "med": 0.017532,
            "avg": 0.02344529683350564
        },
        "checks": {
            "passes": 531692,
            "fails": 0,
            "thresholds": {
                "rate>0.95": false
            },
            "value": 1
        },
        "http_req_tls_handshaking": {
            "min": 0,
            "med": 0,
            "avg": 0,
            "p(90)": 0,
            "p(95)": 0,
            "p(99)": 0,
            "max": 0
        },
        "http_req_failed": {
            "passes": 0,
            "fails": 265846,
            "thresholds": {
                "rate<0.05": false
            },
            "value": 0
        },
        "http_req_sending": {
            "max": 3.693167,
            "min": 0.003562,
            "med": 0.007657,
            "avg": 0.010356395070830127,
            "p(90)": 0.013831,
            "p(95)": 0.016922,
            "p(99)": 0.040610649999999734
        }
    }
}