{
    "metrics": {
        "data_sent": {
            "count": 78957970,
            "rate": 717766.0237338642
        },
        "http_req_failed": {
            "passes": 0,
            "fails": 277611,
            "thresholds": {
                "rate<0.05": false
            },
            "value": 0
        },
        "iteration_duration": {
            "min": 1.833513,
            "med": 7.410325,
            "avg": 33.8820930766432,
            "p(90)": 80.3321,
            "p(95)": 142.4402725,
            "p(99)": 357.2556293000004,
            "max": 1595.712198
        },
        "checks": {
            "passes": 555222,
            "fails": 0,
            "thresholds": {
                "rate>0.95": false
            },
            "value": 1
        },
        "http_req_duration": {
            "min": 1.711263,
            "med": 7.230878,
            "avg": 33.710743197780914,
            "p(90)": 80.163705,
            "p(95)": 142.2648195,
            "p(99)": 357.0847247000004,
            "max": 1595.570848
        },
        "http_req_duration{expected_response:true}": {
            "p(95)": 142.2648195,
            "p(99)": 357.0847247000004,
            "max": 1595.570848,
            "min": 1.711263,
            "med": 7.230878,
            "avg": 33.710743197780914,
            "p(90)": 80.163705
        },
        "vus": {
            "value": 20,
            "min": 20,
            "max": 200
        },
        "http_reqs": {
            "count": 277611,
            "rate": 2523.6178642229756
        },
        "http_req_receiving": {
            "min": 0.007471,
            "med": 0.01751,
            "avg": 0.023934884810039646,
            "p(90)": 0.030049,
            "p(95)": 0.036945,
            "p(99)": 0.1615917000000017,
            "max": 4.372264
        },
        "data_received": {
            "count": 108033880,
            "rate": 982080.0671058468
        },
        "http_req_connecting": {
            "min": 0,
            "med": 0,
            "avg": 0.0031965449387812445,
            "p(90)": 0,
            "p(95)": 0,
            "p(99)": 0.200510200000003,
            "max": 3.270475
        },
        "http_req_blocked": {
            "p(95)": 0.003597,
            "p(99)": 0.2358810000000023,
            "max": 3.306117,
            "min": 0.001004,
            "med": 0.002131,
            "avg": 0.006083110492739444,
            "p(90)": 0.002982
        },
        "iterations": {
            "count": 277611,
            "rate": 2523.6178642229756
        },
        "http_req_sending": {
            "med": 0.00774,
            "avg": 0.010486762451776089,
            "p(90)": 0.013949,
            "p(95)": 0.0172195,
            "p(99)": 0.04483370000000054,
            "max": 4.389069,
            "min": 0.00366
        },
        "http_req_waiting": {
            "min": 1.684755,
            "med": 7.185135,
            "avg": 33.676321550519646,
            "p(90)": 80.129878,
            "p(95)": 142.233319,
            "p(99)": 357.05357610000044,
            "max": 1595.545582
        },
        "http_req_tls_handshaking": {
            "min": 0,
            "med": 0,
            "avg": 0,
            "p(90)": 0,
            "p(95)": 0,
            "p(99)": 0,
            "max": 0
        },
        "vus_max": {
            "value": 200,
            "min": 200,
            "max": 200
        }
    },
    "root_group": {
        "groups": {},
        "checks": {
                "status is 200": {
                    "id": "6210a8cd14cd70477eba5c5e4cb3fb5f",
                    "passes": 277611,
                    "fails": 0,
                    "name": "status is 200",
                    "path": "::status is 200"
                },
                "body carries a decision": {
                    "passes": 277611,
                    "fails": 0,
                    "name": "body carries a decision",
                    "path": "::body carries a decision",
                    "id": "74d0ea3713d634cf15d62e4021dc05f3"
                }
            },
        "name": "",
        "path": "",
        "id": "d41d8cd98f00b204e9800998ecf8427e"
    }
}