{
    "metrics": {
        "checks": {
            "passes": 540750,
            "fails": 0,
            "thresholds": {
                "rate>0.95": false
            },
            "value": 1
        },
        "http_req_duration{expected_response:true}": {
            "p(90)": 84.64738320000002,
            "p(95)": 136.096994,
            "p(99)": 326.0486781400005,
            "max": 1330.666326,
            "min": 1.599326,
            "med": 12.464303,
            "avg": 34.64881585002283
        },
        "http_req_blocked": {
            "p(99)": 0.23527392000000133,
            "max": 3.587843,
            "min": 0.000998,
            "med": 0.002148,
            "avg": 0.006094703759592657,
            "p(90)": 0.002995,
            "p(95)": 0.003605
        },
        "data_sent": {
            "count": 76900472,
            "rate": 699069.7618554845
        },
        "vus_max": {
            "value": 200,
            "min": 200,
            "max": 200
        },
        "http_req_duration": {
            "min": 1.599326,
            "med": 12.464303,
            "avg": 34.64881585002283,
            "p(90)": 84.64738320000002,
            "p(95)": 136.096994,
            "p(99)": 326.0486781400005,
            "max": 1330.666326
        },
        "http_reqs": {
            "count": 270375,
            "rate": 2457.8651072736798
        },
        "iteration_duration": {
            "min": 1.750116,
            "med": 12.638083,
            "avg": 34.820215200155175,
            "p(90)": 84.81267700000002,
            "p(95)": 136.2887909,
            "p(99)": 326.2111357600008,
            "max": 1330.817487
        },
        "http_req_sending": {
            "min": 0.003624,
            "med": 0.007714,
            "avg": 0.010608974272769182,
            "p(90)": 0.013981600000000005,
            "p(95)": 0.017277,
            "p(99)": 0.047435500000000234,
            "max": 4.062267
        },
        "iterations": {
            "count": 270375,
            "rate": 2457.8651072736798
        },
        "http_req_failed": {
            "passes": 0,
            "fails": 270375,
            "thresholds": {
                "rate<0.05": false
            },
            "value": 0
        },
        "vus": {
            "value": 20,
            "min": 20,
            "max": 200
        },
        "http_req_connecting": {
            "p(95)": 0,
            "p(99)": 0.20098112000000432,
            "max": 3.069963,
            "min": 0,
            "med": 0,
            "avg": 0.0031899651521035553,
            "p(90)": 0
        },
        "http_req_receiving": {
            "p(99)": 0.16443608000000007,
            "max": 4.971163,
            "min": 0.007481,
            "med": 0.017488,
            "avg": 0.02397227794729521,
            "p(90)": 0.030168600000000007,
            "p(95)": 0.03741829999999999
        },
        "http_req_tls_handshaking": {
            "min": 0,
            "med": 0,
            "avg": 0,
            "p(90)": 0,
            "p(95)": 0,
            "p(99)": 0,
            "max": 0
        },
        "http_req_waiting": {
            "p(99)": 326.00991234000054,
            "max": 1330.619541,
            "min": 1.567495,
            "med": 12.429667,
            "avg": 34.61423459780335,
            "p(90)": 84.59339880000006,
            "p(95)": 136.0716886
        },
        "data_received": {
            "count": 105217245,
            "rate": 956485.6039536424
        }
    },
    "root_group": {
        "id": "d41d8cd98f00b204e9800998ecf8427e",
        "groups": {},
        "checks": {
                "status is 200": {
                    "name": "status is 200",
                    "path": "::status is 200",
                    "id": "6210a8cd14cd70477eba5c5e4cb3fb5f",
                    "passes": 270375,
                    "fails": 0
                },
                "body carries a decision": {
                    "path": "::body carries a decision",
                    "id": "74d0ea3713d634cf15d62e4021dc05f3",
                    "passes": 270375,
                    "fails": 0,
                    "name": "body carries a decision"
                }
            },
        "name": "",
        "path": ""
    }
}