{
    "root_group": {
        "id": "d41d8cd98f00b204e9800998ecf8427e",
        "groups": {},
        "checks": {
                "status is 200": {
                    "name": "status is 200",
                    "path": "::status is 200",
                    "id": "6210a8cd14cd70477eba5c5e4cb3fb5f",
                    "passes": 589218,
                    "fails": 0
                },
                "body carries a decision": {
                    "name": "body carries a decision",
                    "path": "::body carries a decision",
                    "id": "74d0ea3713d634cf15d62e4021dc05f3",
                    "passes": 589218,
                    "fails": 0
                }
            },
        "name": "",
        "path": ""
    },
    "metrics": {
        "http_req_failed": {
            "passes": 0,
            "fails": 589218,
            "thresholds": {
                "rate<0.01": false
            },
            "value": 0
        },
        "data_received": {
            "count": 229290808,
            "rate": 1042222.2978376858
        },
        "iterations": {
            "count": 589218,
            "rate": 2678.2414142276716
        },
        "http_req_tls_handshaking": {
            "p(90)": 0,
            "p(95)": 0,
            "p(99)": 0,
            "max": 0,
            "min": 0,
            "med": 0,
            "avg": 0
        },
        "http_req_blocked": {
            "max": 4.42991,
            "min": 0.000966,
            "med": 0.002101,
            "avg": 0.005764103966613272,
            "p(90)": 0.002827,
            "p(95)": 0.0034531500000000233,
            "p(99)": 0.2238234599999932
        },
        "http_req_connecting": {
            "max": 4.215056,
            "min": 0,
            "med": 0,
            "avg": 0.0029378520734261535,
            "p(90)": 0,
            "p(95)": 0,
            "p(99)": 0.1878455999999908
        },
        "http_req_duration{expected_response:true}": {
            "p(99)": 90.86217727999981,
            "max": 338.901666,
            "min": 1.365027,
            "med": 10.8391145,
            "avg": 16.782844693532958,
            "p(90)": 37.61034830000001,
            "p(95)": 53.629571450000036
        },
        "vus_max": {
            "min": 50,
            "max": 50,
            "value": 50
        },
        "http_req_duration": {
            "min": 1.365027,
            "med": 10.8391145,
            "avg": 16.782844693532958,
            "p(90)": 37.61034830000001,
            "p(95)": 53.629571450000036,
            "p(99)": 90.86217727999981,
            "max": 338.901666
        },
        "vus": {
            "value": 1,
            "min": 1,
            "max": 50
        },
        "http_req_receiving": {
            "p(99)": 0.16267200999999804,
            "max": 4.20977,
            "min": 0.007161,
            "med": 0.016839,
            "avg": 0.023390473761834042,
            "p(90)": 0.029142,
            "p(95)": 0.036294150000000025
        },
        "http_req_sending": {
            "p(99)": 0.050072809999999704,
            "max": 4.31027,
            "min": 0.003116,
            "med": 0.00746,
            "avg": 0.010235237178768683,
            "p(90)": 0.013502,
            "p(95)": 0.016825150000000025
        },
        "http_req_waiting": {
            "p(95)": 53.594085050000025,
            "p(99)": 90.82551482999976,
            "max": 338.877214,
            "min": 1.330163,
            "med": 10.807349,
            "avg": 16.749218982591795,
            "p(90)": 37.5782638
        },
        "data_sent": {
            "count": 167585974,
            "rate": 761748.1068305479
        },
        "http_reqs": {
            "count": 589218,
            "rate": 2678.2414142276716
        },
        "iteration_duration": {
            "p(95)": 53.81350675000002,
            "p(99)": 91.0445205999997,
            "max": 339.053732,
            "min": 1.501068,
            "med": 11.0015835,
            "avg": 16.948149623059816,
            "p(90)": 37.78835340000005
        },
        "checks": {
            "fails": 0,
            "passes": 1178436,
            "thresholds": {
                "rate>0.99": false
            },
            "value": 1
        }
    }
}