{
    "root_group": {
        "id": "d41d8cd98f00b204e9800998ecf8427e",
        "groups": {},
        "checks": {
                "status is 200": {
                    "id": "6210a8cd14cd70477eba5c5e4cb3fb5f",
                    "passes": 564113,
                    "fails": 0,
                    "name": "status is 200",
                    "path": "::status is 200"
                },
                "body carries a decision": {
                    "id": "74d0ea3713d634cf15d62e4021dc05f3",
                    "passes": 564113,
                    "fails": 0,
                    "name": "body carries a decision",
                    "path": "::body carries a decision"
                }
            },
        "name": "",
        "path": ""
    },
    "metrics": {
        "iteration_duration": {
            "p(99)": 91.87254364000003,
            "max": 335.997932,
            "min": 1.799619,
            "med": 11.687573,
            "avg": 17.702787173375928,
            "p(90)": 36.9827076,
            "p(95)": 53.49509840000002
        },
        "vus": {
            "max": 50,
            "value": 1,
            "min": 1
        },
        "http_reqs": {
            "count": 564113,
            "rate": 2564.1332766411833
        },
        "data_received": {
            "count": 219523862,
            "rate": 997829.228489659
        },
        "http_req_duration{expected_response:true}": {
            "p(95)": 53.318273600000005,
            "p(99)": 91.70200700000002,
            "max": 335.840027,
            "min": 1.681558,
            "med": 11.52487,
            "avg": 17.536956707455875,
            "p(90)": 36.8062502
        },
        "http_req_receiving": {
            "p(95)": 0.036126400000000024,
            "p(99)": 0.16160692000000004,
            "max": 6.575307,
            "min": 0.007257,
            "med": 0.016826,
            "avg": 0.023146363753361116,
            "p(90)": 0.029013
        },
        "http_req_failed": {
            "passes": 0,
            "fails": 564113,
            "thresholds": {
                "rate<0.01": false
            },
            "value": 0
        },
        "http_req_tls_handshaking": {
            "med": 0,
            "avg": 0,
            "p(90)": 0,
            "p(95)": 0,
            "p(99)": 0,
            "max": 0,
            "min": 0
        },
        "iterations": {
            "count": 564113,
            "rate": 2564.1332766411833
        },
        "checks": {
            "passes": 1128226,
            "fails": 0,
            "thresholds": {
                "rate>0.99": false
            },
            "value": 1
        },
        "http_req_waiting": {
            "min": 1.653918,
            "med": 11.491765,
            "avg": 17.503514204469152,
            "p(90)": 36.7746332,
            "p(95)": 53.2823702,
            "p(99)": 91.665422,
            "max": 335.806421
        },
        "data_sent": {
            "count": 160445020,
            "rate": 729290.7889968149
        },
        "http_req_connecting": {
            "avg": 0.002956502526975985,
            "p(90)": 0,
            "p(95)": 0,
            "p(99)": 0.1878579200000003,
            "max": 4.87153,
            "min": 0,
            "med": 0
        },
        "vus_max": {
            "value": 50,
            "min": 50,
            "max": 50
        },
        "http_req_sending": {
            "avg": 0.010296139232742222,
            "p(90)": 0.013495,
            "p(95)": 0.01689,
            "p(99)": 0.05106756000000006,
            "max": 6.939586,
            "min": 0.003321,
            "med": 0.007478
        },
        "http_req_blocked": {
            "avg": 0.005791276375477962,
            "p(90)": 0.002808,
            "p(95)": 0.003423,
            "p(99)": 0.22331804000000027,
            "max": 4.904831,
            "min": 0.000962,
            "med": 0.002103
        },
        "http_req_duration": {
            "med": 11.52487,
            "avg": 17.536956707455875,
            "p(90)": 36.8062502,
            "p(95)": 53.318273600000005,
            "p(99)": 91.70200700000002,
            "max": 335.840027,
            "min": 1.681558
        }
    }
}