{
    "metrics": {
        "http_reqs": {
            "count": 606947,
            "rate": 2758.830310729678
        },
        "http_req_receiving": {
            "p(90)": 0.029095,
            "p(95)": 0.036304699999999954,
            "p(99)": 0.16355514000000154,
            "max": 9.570894,
            "min": 0.007345,
            "med": 0.016761,
            "avg": 0.023318244649038637
        },
        "vus_max": {
            "value": 50,
            "min": 50,
            "max": 50
        },
        "http_req_duration{expected_response:true}": {
            "min": 1.336555,
            "med": 11.169754,
            "avg": 16.287096745581415,
            "p(90)": 32.11494020000001,
            "p(95)": 46.7559333,
            "p(99)": 82.2483111400001,
            "max": 269.365755
        },
        "http_req_waiting": {
            "med": 11.13605,
            "avg": 16.253422561388092,
            "p(90)": 32.08291320000001,
            "p(95)": 46.72390989999998,
            "p(99)": 82.21243910000034,
            "max": 269.339584,
            "min": 1.310831
        },
        "http_req_blocked": {
            "min": 0.000992,
            "med": 0.002098,
            "avg": 0.005764851837145601,
            "p(90)": 0.002819,
            "p(95)": 0.003429,
            "p(99)": 0.22246570000000204,
            "max": 3.269881
        },
        "http_req_tls_handshaking": {
            "avg": 0,
            "p(90)": 0,
            "p(95)": 0,
            "p(99)": 0,
            "max": 0,
            "min": 0,
            "med": 0
        },
        "http_req_sending": {
            "min": 0.003649,
            "med": 0.007464,
            "avg": 0.010355939543320732,
            "p(90)": 0.013531,
            "p(95)": 0.016978,
            "p(99)": 0.054166540000000034,
            "max": 5.454411
        },
        "iterations": {
            "count": 606947,
            "rate": 2758.830310729678
        },
        "http_req_failed": {
            "passes": 0,
            "fails": 606947,
            "thresholds": {
                "rate<0.01": false
            },
            "value": 0
        },
        "checks": {
            "fails": 0,
            "passes": 1213894,
            "thresholds": {
                "rate>0.99": false
            },
            "value": 1
        },
        "iteration_duration": {
            "max": 269.511881,
            "min": 1.449951,
            "med": 11.333744,
            "avg": 16.452682647333475,
            "p(90)": 32.294047600000006,
            "p(95)": 46.93036849999996,
            "p(99)": 82.42290284000002
        },
        "http_req_duration": {
            "avg": 16.287096745581415,
            "p(90)": 32.11494020000001,
            "p(95)": 46.7559333,
            "p(99)": 82.2483111400001,
            "max": 269.365755,
            "min": 1.336555,
            "med": 11.169754
        },
        "data_received": {
            "count": 236183900,
            "rate": 1073555.5200476272
        },
        "data_sent": {
            "count": 172627941,
            "rate": 784666.8590662027
        },
        "vus": {
            "value": 1,
            "min": 1,
            "max": 50
        },
        "http_req_connecting": {
            "p(90)": 0,
            "p(95)": 0,
            "p(99)": 0.18863038000001853,
            "max": 3.246537,
            "min": 0,
            "med": 0,
            "avg": 0.002962080293666503
        }
    },
    "root_group": {
        "name": "",
        "path": "",
        "id": "d41d8cd98f00b204e9800998ecf8427e",
        "groups": {},
        "checks": {
                "status is 200": {
                    "fails": 0,
                    "name": "status is 200",
                    "path": "::status is 200",
                    "id": "6210a8cd14cd70477eba5c5e4cb3fb5f",
                    "passes": 606947
                },
                "body carries a decision": {
                    "name": "body carries a decision",
                    "path": "::body carries a decision",
                    "id": "74d0ea3713d634cf15d62e4021dc05f3",
                    "passes": 606947,
                    "fails": 0
                }
            }
    }
}