{
    "metrics": {
        "http_req_sending": {
            "med": 0.007474,
            "avg": 0.011196685095793872,
            "p(90)": 0.013786,
            "p(95)": 0.018683599999999977,
            "p(99)": 0.08898424000000005,
            "max": 7.971705,
            "min": 0.003586
        },
        "vus": {
            "max": 50,
            "value": 1,
            "min": 1
        },
        "http_req_waiting": {
            "p(99)": 46.28540744000035,
            "max": 203.152333,
            "min": 1.665711,
            "med": 22.23533,
            "avg": 20.25960749403483,
            "p(90)": 28.5602588,
            "p(95)": 32.175801199999995
        },
        "http_req_tls_handshaking": {
            "med": 0,
            "avg": 0,
            "p(90)": 0,
            "p(95)": 0,
            "p(99)": 0,
            "max": 0,
            "min": 0
        },
        "http_req_receiving": {
            "min": 0.007418,
            "med": 0.016469,
            "avg": 0.025919957232371497,
            "p(90)": 0.030654200000000013,
            "p(95)": 0.041222,
            "p(99)": 0.20690832,
            "max": 15.621462
        },
        "data_sent": {
            "count": 138759961,
            "rate": 630621.2043338458
        },
        "iterations": {
            "count": 487869,
            "rate": 2217.21405886781
        },
        "iteration_duration": {
            "max": 203.319185,
            "min": 1.812313,
            "med": 22.445585,
            "avg": 20.470115052251373,
            "p(90)": 28.769635,
            "p(95)": 32.3872012,
            "p(99)": 46.58519632000013
        },
        "http_req_duration{expected_response:true}": {
            "max": 203.175412,
            "min": 1.689967,
            "med": 22.271319,
            "avg": 20.29672413636243,
            "p(90)": 28.5971134,
            "p(95)": 32.213984399999994,
            "p(99)": 46.35539456000002
        },
        "data_received": {
            "count": 189873304,
            "rate": 862915.575764153
        },
        "http_req_failed": {
            "passes": 0,
            "fails": 487869,
            "thresholds": {
                "rate<0.01": false
            },
            "value": 0
        },
        "http_reqs": {
            "rate": 2217.21405886781,
            "count": 487869
        },
        "vus_max": {
            "value": 50,
            "min": 50,
            "max": 50
        },
        "checks": {
            "passes": 975738,
            "fails": 0,
            "thresholds": {
                "rate>0.99": false
            },
            "value": 1
        },
        "http_req_blocked": {
            "p(90)": 0.002901,
            "p(95)": 0.003548,
            "p(99)": 0.22891652000000112,
            "max": 7.038073,
            "min": 0.000982,
            "med": 0.002107,
            "avg": 0.006510274930360192
        },
        "http_req_duration": {
            "med": 22.271319,
            "avg": 20.29672413636243,
            "p(90)": 28.5971134,
            "p(95)": 32.213984399999994,
            "p(99)": 46.35539456000002,
            "max": 203.175412,
            "min": 1.689967
        },
        "http_req_connecting": {
            "med": 0,
            "avg": 0.0035352920538095213,
            "p(90)": 0,
            "p(95)": 0,
            "p(99)": 0.1914708800000013,
            "max": 6.742491,
            "min": 0
        }
    },
    "root_group": {
        "name": "",
        "path": "",
        "id": "d41d8cd98f00b204e9800998ecf8427e",
        "groups": {},
        "checks": {
                "status is 200": {
                    "name": "status is 200",
                    "path": "::status is 200",
                    "id": "6210a8cd14cd70477eba5c5e4cb3fb5f",
                    "passes": 487869,
                    "fails": 0
                },
                "body carries a decision": {
                    "fails": 0,
                    "name": "body carries a decision",
                    "path": "::body carries a decision",
                    "id": "74d0ea3713d634cf15d62e4021dc05f3",
                    "passes": 487869
                }
            }
    }
}