{
    "root_group": {
        "path": "",
        "id": "d41d8cd98f00b204e9800998ecf8427e",
        "groups": {},
        "checks": {
                "status is 200": {
                    "name": "status is 200",
                    "path": "::status is 200",
                    "id": "6210a8cd14cd70477eba5c5e4cb3fb5f",
                    "passes": 407530,
                    "fails": 0
                },
                "body carries a decision": {
                    "fails": 0,
                    "name": "body carries a decision",
                    "path": "::body carries a decision",
                    "id": "74d0ea3713d634cf15d62e4021dc05f3",
                    "passes": 407530
                }
            },
        "name": ""
    },
    "metrics": {
        "http_reqs": {
            "count": 407530,
            "rate": 1852.2346284579587
        },
        "checks": {
            "passes": 815060,
            "fails": 0,
            "thresholds": {
                "rate>0.99": false
            },
            "value": 1
        },
        "http_req_blocked": {
            "avg": 0.0054114539543096765,
            "p(90)": 0.002756,
            "p(95)": 0.003308,
            "p(99)": 0.229622610000004,
            "max": 4.066707,
            "min": 0.001007,
            "med": 0.002102
        },
        "vus_max": {
            "max": 50,
            "value": 50,
            "min": 50
        },
        "http_req_duration": {
            "min": 1.801605,
            "med": 14.30795,
            "avg": 24.348084255791676,
            "p(90)": 42.5335139,
            "p(95)": 90.01617805,
            "p(99)": 203.21204895000014,
            "max": 799.781515
        },
        "http_req_tls_handshaking": {
            "max": 0,
            "min": 0,
            "med": 0,
            "avg": 0,
            "p(90)": 0,
            "p(95)": 0,
            "p(99)": 0
        },
        "http_req_receiving": {
            "p(99)": 0.056246,
            "max": 2.596412,
            "min": 0.007943,
            "med": 0.018331,
            "avg": 0.022089968537285433,
            "p(90)": 0.030263,
            "p(95)": 0.03597754999999999
        },
        "data_received": {
            "count": 158601590,
            "rate": 720848.4212855286
        },
        "http_req_failed": {
            "fails": 407530,
            "passes": 0,
            "thresholds": {
                "rate<0.01": false
            },
            "value": 0
        },
        "http_req_duration{expected_response:true}": {
            "min": 1.801605,
            "med": 14.30795,
            "avg": 24.348084255791676,
            "p(90)": 42.5335139,
            "p(95)": 90.01617805,
            "p(99)": 203.21204895000014,
            "max": 799.781515
        },
        "data_sent": {
            "count": 115909990,
            "rate": 526813.9701671428
        },
        "iterations": {
            "count": 407530,
            "rate": 1852.2346284579587
        },
        "vus": {
            "max": 50,
            "value": 1,
            "min": 1
        },
        "http_req_waiting": {
            "min": 1.773412,
            "med": 14.2761215,
            "avg": 24.316182470009363,
            "p(90)": 42.50112810000001,
            "p(95)": 89.98524339999997,
            "p(99)": 203.18382171000027,
            "max": 799.744637
        },
        "http_req_connecting": {
            "p(95)": 0,
            "p(99)": 0.19905691000000672,
            "max": 3.979399,
            "min": 0,
            "med": 0,
            "avg": 0.0027272640026501124,
            "p(90)": 0
        },
        "http_req_sending": {
            "max": 3.095892,
            "min": 0.003516,
            "med": 0.007853,
            "avg": 0.00981181724535641,
            "p(90)": 0.013738,
            "p(95)": 0.015850549999999988,
            "p(99)": 0.029753550000000104
        },
        "iteration_duration": {
            "min": 1.935338,
            "med": 14.4656015,
            "avg": 24.507055481161835,
            "p(90)": 42.68930010000005,
            "p(95)": 90.19104769999997,
            "p(99)": 203.36573123000002,
            "max": 799.978248
        }
    }
}