{
    "root_group": {
        "name": "",
        "path": "",
        "id": "d41d8cd98f00b204e9800998ecf8427e",
        "groups": {},
        "checks": {
                "status is 200": {
                    "name": "status is 200",
                    "path": "::status is 200",
                    "id": "6210a8cd14cd70477eba5c5e4cb3fb5f",
                    "passes": 609270,
                    "fails": 0
                },
                "body carries a decision": {
                    "id": "74d0ea3713d634cf15d62e4021dc05f3",
                    "passes": 609270,
                    "fails": 0,
                    "name": "body carries a decision",
                    "path": "::body carries a decision"
                }
            }
    },
    "metrics": {
        "http_req_failed": {
            "fails": 609270,
            "passes": 0,
            "thresholds": {
                "rate<0.01": false
            },
            "value": 0
        },
        "http_req_tls_handshaking": {
            "med": 0,
            "avg": 0,
            "p(90)": 0,
            "p(95)": 0,
            "p(99)": 0,
            "max": 0,
            "min": 0
        },
        "http_reqs": {
            "count": 609270,
            "rate": 2769.4002183802004
        },
        "http_req_duration{expected_response:true}": {
            "p(90)": 33.7361328,
            "p(95)": 38.13769175,
            "p(99)": 55.44269766999981,
            "max": 199.44396,
            "min": 1.808577,
            "med": 10.1649085,
            "avg": 16.222090893928975
        },
        "http_req_blocked": {
            "p(90)": 0.002878,
            "p(95)": 0.003493,
            "p(99)": 0.2290805599999954,
            "max": 6.393479,
            "min": 0.000976,
            "med": 0.002111,
            "avg": 0.006268259508920669
        },
        "vus": {
            "max": 50,
            "value": 1,
            "min": 1
        },
        "http_req_connecting": {
            "med": 0,
            "avg": 0.0033649463324962616,
            "p(90)": 0,
            "p(95)": 0,
            "p(99)": 0.19256615999999782,
            "max": 6.370085,
            "min": 0
        },
        "iteration_duration": {
            "p(95)": 38.31486914999999,
            "p(99)": 55.640834959999964,
            "max": 199.598102,
            "min": 1.943395,
            "med": 10.3286745,
            "avg": 16.390291453930573,
            "p(90)": 33.9139829
        },
        "http_req_waiting": {
            "min": 1.780837,
            "med": 10.1307035,
            "avg": 16.187187451405606,
            "p(90)": 33.6980456,
            "p(95)": 38.10140285,
            "p(99)": 55.40357918999981,
            "max": 199.409353
        },
        "http_req_receiving": {
            "max": 7.58076,
            "min": 0.007367,
            "med": 0.01679,
            "avg": 0.024045468573867173,
            "p(90)": 0.029204099999999976,
            "p(95)": 0.037768,
            "p(99)": 0.1731153999999976
        },
        "data_sent": {
            "count": 173287960,
            "rate": 787670.021938811
        },
        "iterations": {
            "count": 609270,
            "rate": 2769.4002183802004
        },
        "vus_max": {
            "value": 50,
            "min": 50,
            "max": 50
        },
        "checks": {
            "passes": 1218540,
            "fails": 0,
            "thresholds": {
                "rate>0.99": false
            },
            "value": 1
        },
        "http_req_sending": {
            "max": 8.124058,
            "min": 0.003369,
            "med": 0.007471,
            "avg": 0.010857973949152158,
            "p(90)": 0.013714,
            "p(95)": 0.018317,
            "p(99)": 0.07756064999999909
        },
        "http_req_duration": {
            "med": 10.1649085,
            "avg": 16.222090893928975,
            "p(90)": 33.7361328,
            "p(95)": 38.13769175,
            "p(99)": 55.44269766999981,
            "max": 199.44396,
            "min": 1.808577
        },
        "data_received": {
            "count": 237116153,
            "rate": 1077797.2424371347
        }
    }
}